retro_id,city,nickname,season,games
ANA,Anaheim,Angels,1997,82
ANA,Anaheim,Angels,1998,81
ANA,Anaheim,Angels,1999,81
ANA,Anaheim,Angels,2000,81
ANA,Anaheim,Angels,2001,81
ANA,Anaheim,Angels,2002,90
ANA,Anaheim,Angels,2003,82
ANA,Anaheim,Angels,2004,83
ANA,Anaheim,Angels,2005,87
ANA,Anaheim,Angels,2006,81
ANA,Anaheim,Angels,2007,82
ANA,Anaheim,Angels,2008,83
ANA,Anaheim,Angels,2009,86
ANA,Anaheim,Angels,2010,81
ANA,Anaheim,Angels,2011,81
ANA,Anaheim,Angels,2012,81
ANA,Anaheim,Angels,2013,81
ANA,Anaheim,Angels,2014,83
ANA,Anaheim,Angels,2015,81
ANA,Anaheim,Angels,2016,81
ANA,Anaheim,Angels,2017,81
ANA,Anaheim,Angels,2018,81
ANA,Anaheim,Angels,2019,81
ANA,Anaheim,Angels,2020,31
ANA,Anaheim,Angels,2021,82
ANA,Anaheim,Angels,2022,81
ANA,Anaheim,Angels,2023,81
ANA,Anaheim,Angels,2024,81
ARI,Arizona,Diamondbacks,1998,81
ARI,Arizona,Diamondbacks,1999,83
ARI,Arizona,Diamondbacks,2000,81
ARI,Arizona,Diamondbacks,2001,90
ARI,Arizona,Diamondbacks,2002,83
ARI,Arizona,Diamondbacks,2003,81
ARI,Arizona,Diamondbacks,2004,81
ARI,Arizona,Diamondbacks,2005,81
ARI,Arizona,Diamondbacks,2006,81
ARI,Arizona,Diamondbacks,2007,85
ARI,Arizona,Diamondbacks,2008,81
ARI,Arizona,Diamondbacks,2009,81
ARI,Arizona,Diamondbacks,2010,81
ARI,Arizona,Diamondbacks,2011,83
ARI,Arizona,Diamondbacks,2012,81
ARI,Arizona,Diamondbacks,2013,81
ARI,Arizona,Diamondbacks,2014,81
ARI,Arizona,Diamondbacks,2015,81
ARI,Arizona,Diamondbacks,2016,81
ARI,Arizona,Diamondbacks,2017,83
ARI,Arizona,Diamondbacks,2018,81
ARI,Arizona,Diamondbacks,2019,81
ARI,Arizona,Diamondbacks,2020,30
ARI,Arizona,Diamondbacks,2021,81
ARI,Arizona,Diamondbacks,2022,81
ARI,Arizona,Diamondbacks,2023,88
ARI,Arizona,Diamondbacks,2024,81
ATL,Atlanta,Braves,1990,81
ATL,Atlanta,Braves,1991,87
ATL,Atlanta,Braves,1992,88
ATL,Atlanta,Braves,1993,84
ATL,Atlanta,Braves,1994,55
ATL,Atlanta,Braves,1995,79
ATL,Atlanta,Braves,1996,89
ATL,Atlanta,Braves,1997,86
ATL,Atlanta,Braves,1998,86
ATL,Atlanta,Braves,1999,88
ATL,Atlanta,Braves,2000,82
ATL,Atlanta,Braves,2001,85
ATL,Atlanta,Braves,2002,84
ATL,Atlanta,Braves,2003,84
ATL,Atlanta,Braves,2004,84
ATL,Atlanta,Braves,2005,83
ATL,Atlanta,Braves,2006,81
ATL,Atlanta,Braves,2007,81
ATL,Atlanta,Braves,2008,81
ATL,Atlanta,Braves,2009,81
ATL,Atlanta,Braves,2010,83
ATL,Atlanta,Braves,2011,81
ATL,Atlanta,Braves,2012,82
ATL,Atlanta,Braves,2013,83
ATL,Atlanta,Braves,2014,81
ATL,Atlanta,Braves,2015,81
ATL,Atlanta,Braves,2016,81
ATL,Atlanta,Braves,2017,81
ATL,Atlanta,Braves,2018,83
ATL,Atlanta,Braves,2019,84
ATL,Atlanta,Braves,2020,37
ATL,Atlanta,Braves,2021,88
ATL,Atlanta,Braves,2022,83
ATL,Atlanta,Braves,2023,83
ATL,Atlanta,Braves,2024,81
BAL,Baltimore,Orioles,1990,80
BAL,Baltimore,Orioles,1991,81
BAL,Baltimore,Orioles,1992,81
BAL,Baltimore,Orioles,1993,81
BAL,Baltimore,Orioles,1994,55
BAL,Baltimore,Orioles,1995,72
BAL,Baltimore,Orioles,1996,87
BAL,Baltimore,Orioles,1997,86
BAL,Baltimore,Orioles,1998,81
BAL,Baltimore,Orioles,1999,81
BAL,Baltimore,Orioles,2000,81
BAL,Baltimore,Orioles,2001,80
BAL,Baltimore,Orioles,2002,81
BAL,Baltimore,Orioles,2003,81
BAL,Baltimore,Orioles,2004,81
BAL,Baltimore,Orioles,2005,81
BAL,Baltimore,Orioles,2006,81
BAL,Baltimore,Orioles,2007,81
BAL,Baltimore,Orioles,2008,80
BAL,Baltimore,Orioles,2009,81
BAL,Baltimore,Orioles,2010,81
BAL,Baltimore,Orioles,2011,81
BAL,Baltimore,Orioles,2012,83
BAL,Baltimore,Orioles,2013,81
BAL,Baltimore,Orioles,2014,85
BAL,Baltimore,Orioles,2015,78
BAL,Baltimore,Orioles,2016,81
BAL,Baltimore,Orioles,2017,81
BAL,Baltimore,Orioles,2018,81
BAL,Baltimore,Orioles,2019,81
BAL,Baltimore,Orioles,2020,33
BAL,Baltimore,Orioles,2021,81
BAL,Baltimore,Orioles,2022,81
BAL,Baltimore,Orioles,2023,83
BAL,Baltimore,Orioles,2024,83
BOS,Boston,Red Sox,1990,83
BOS,Boston,Red Sox,1991,81
BOS,Boston,Red Sox,1992,81
BOS,Boston,Red Sox,1993,81
BOS,Boston,Red Sox,1994,64
BOS,Boston,Red Sox,1995,73
BOS,Boston,Red Sox,1996,81
BOS,Boston,Red Sox,1997,81
BOS,Boston,Red Sox,1998,83
BOS,Boston,Red Sox,1999,86
BOS,Boston,Red Sox,2000,81
BOS,Boston,Red Sox,2001,81
BOS,Boston,Red Sox,2002,81
BOS,Boston,Red Sox,2003,86
BOS,Boston,Red Sox,2004,87
BOS,Boston,Red Sox,2005,82
BOS,Boston,Red Sox,2006,81
BOS,Boston,Red Sox,2007,89
BOS,Boston,Red Sox,2008,86
BOS,Boston,Red Sox,2009,82
BOS,Boston,Red Sox,2010,81
BOS,Boston,Red Sox,2011,81
BOS,Boston,Red Sox,2012,81
BOS,Boston,Red Sox,2013,89
BOS,Boston,Red Sox,2014,81
BOS,Boston,Red Sox,2015,81
BOS,Boston,Red Sox,2016,82
BOS,Boston,Red Sox,2017,83
BOS,Boston,Red Sox,2018,87
BOS,Boston,Red Sox,2019,81
BOS,Boston,Red Sox,2020,31
BOS,Boston,Red Sox,2021,87
BOS,Boston,Red Sox,2022,81
BOS,Boston,Red Sox,2023,81
BOS,Boston,Red Sox,2024,81
CAL,California,Angels,1990,81
CAL,California,Angels,1991,81
CAL,California,Angels,1992,81
CAL,California,Angels,1993,81
CAL,California,Angels,1994,63
CAL,California,Angels,1995,72
CAL,California,Angels,1996,81
CHA,Chicago,White Sox,1990,80
CHA,Chicago,White Sox,1991,81
CHA,Chicago,White Sox,1992,82
CHA,Chicago,White Sox,1993,84
CHA,Chicago,White Sox,1994,53
CHA,Chicago,White Sox,1995,72
CHA,Chicago,White Sox,1996,81
CHA,Chicago,White Sox,1997,81
CHA,Chicago,White Sox,1998,82
CHA,Chicago,White Sox,1999,81
CHA,Chicago,White Sox,2000,83
CHA,Chicago,White Sox,2001,81
CHA,Chicago,White Sox,2002,81
CHA,Chicago,White Sox,2003,81
CHA,Chicago,White Sox,2004,81
CHA,Chicago,White Sox,2005,87
CHA,Chicago,White Sox,2006,81
CHA,Chicago,White Sox,2007,81
CHA,Chicago,White Sox,2008,84
CHA,Chicago,White Sox,2009,81
CHA,Chicago,White Sox,2010,81
CHA,Chicago,White Sox,2011,81
CHA,Chicago,White Sox,2012,81
CHA,Chicago,White Sox,2013,81
CHA,Chicago,White Sox,2014,81
CHA,Chicago,White Sox,2015,81
CHA,Chicago,White Sox,2016,81
CHA,Chicago,White Sox,2017,81
CHA,Chicago,White Sox,2018,81
CHA,Chicago,White Sox,2019,80
CHA,Chicago,White Sox,2020,30
CHA,Chicago,White Sox,2021,83
CHA,Chicago,White Sox,2022,81
CHA,Chicago,White Sox,2023,81
CHA,Chicago,White Sox,2024,81
CHN,Chicago,Cubs,1990,81
CHN,Chicago,Cubs,1991,83
CHN,Chicago,Cubs,1992,81
CHN,Chicago,Cubs,1993,82
CHN,Chicago,Cubs,1994,59
CHN,Chicago,Cubs,1995,72
CHN,Chicago,Cubs,1996,81
CHN,Chicago,Cubs,1997,81
CHN,Chicago,Cubs,1998,83
CHN,Chicago,Cubs,1999,81
CHN,Chicago,Cubs,2000,81
CHN,Chicago,Cubs,2001,81
CHN,Chicago,Cubs,2002,81
CHN,Chicago,Cubs,2003,87
CHN,Chicago,Cubs,2004,82
CHN,Chicago,Cubs,2005,81
CHN,Chicago,Cubs,2006,81
CHN,Chicago,Cubs,2007,82
CHN,Chicago,Cubs,2008,83
CHN,Chicago,Cubs,2009,80
CHN,Chicago,Cubs,2010,81
CHN,Chicago,Cubs,2011,81
CHN,Chicago,Cubs,2012,81
CHN,Chicago,Cubs,2013,81
CHN,Chicago,Cubs,2014,81
CHN,Chicago,Cubs,2015,85
CHN,Chicago,Cubs,2016,89
CHN,Chicago,Cubs,2017,86
CHN,Chicago,Cubs,2018,83
CHN,Chicago,Cubs,2019,81
CHN,Chicago,Cubs,2020,35
CHN,Chicago,Cubs,2021,81
CHN,Chicago,Cubs,2022,81
CHN,Chicago,Cubs,2023,81
CHN,Chicago,Cubs,2024,81
CIN,Cincinnati,Reds,1990,86
CIN,Cincinnati,Reds,1991,81
CIN,Cincinnati,Reds,1992,81
CIN,Cincinnati,Reds,1993,81
CIN,Cincinnati,Reds,1994,60
CIN,Cincinnati,Reds,1995,75
CIN,Cincinnati,Reds,1996,81
CIN,Cincinnati,Reds,1997,81
CIN,Cincinnati,Reds,1998,81
CIN,Cincinnati,Reds,1999,82
CIN,Cincinnati,Reds,2000,82
CIN,Cincinnati,Reds,2001,81
CIN,Cincinnati,Reds,2002,81
CIN,Cincinnati,Reds,2003,81
CIN,Cincinnati,Reds,2004,81
CIN,Cincinnati,Reds,2005,82
CIN,Cincinnati,Reds,2006,81
CIN,Cincinnati,Reds,2007,81
CIN,Cincinnati,Reds,2008,81
CIN,Cincinnati,Reds,2009,81
CIN,Cincinnati,Reds,2010,82
CIN,Cincinnati,Reds,2011,81
CIN,Cincinnati,Reds,2012,84
CIN,Cincinnati,Reds,2013,80
CIN,Cincinnati,Reds,2014,81
CIN,Cincinnati,Reds,2015,81
CIN,Cincinnati,Reds,2016,81
CIN,Cincinnati,Reds,2017,81
CIN,Cincinnati,Reds,2018,81
CIN,Cincinnati,Reds,2019,81
CIN,Cincinnati,Reds,2020,29
CIN,Cincinnati,Reds,2021,81
CIN,Cincinnati,Reds,2022,81
CIN,Cincinnati,Reds,2023,81
CIN,Cincinnati,Reds,2024,81
CLE,Cleveland,Indians,1990,81
CLE,Cleveland,Indians,1991,82
CLE,Cleveland,Indians,1992,81
CLE,Cleveland,Indians,1993,81
CLE,Cleveland,Indians,1994,51
CLE,Cleveland,Indians,1995,80
CLE,Cleveland,Indians,1996,82
CLE,Cleveland,Indians,1997,90
CLE,Cleveland,Indians,1998,86
CLE,Cleveland,Indians,1999,84
CLE,Cleveland,Indians,2000,81
CLE,Cleveland,Indians,2001,82
CLE,Cleveland,Indians,2002,81
CLE,Cleveland,Indians,2003,81
CLE,Cleveland,Indians,2004,81
CLE,Cleveland,Indians,2005,81
CLE,Cleveland,Indians,2006,81
CLE,Cleveland,Indians,2007,85
CLE,Cleveland,Indians,2008,81
CLE,Cleveland,Indians,2009,81
CLE,Cleveland,Indians,2010,81
CLE,Cleveland,Indians,2011,81
CLE,Cleveland,Indians,2012,81
CLE,Cleveland,Indians,2013,82
CLE,Cleveland,Indians,2014,81
CLE,Cleveland,Indians,2015,80
CLE,Cleveland,Indians,2016,89
CLE,Cleveland,Indians,2017,84
CLE,Cleveland,Indians,2018,82
CLE,Cleveland,Indians,2019,81
CLE,Cleveland,Indians,2020,32
CLE,Cleveland,Indians,2021,81
CLE,Cleveland,Indians,2022,85
CLE,Cleveland,Indians,2023,81
CLE,Cleveland,Indians,2024,86
COL,Colorado,Rockies,1993,81
COL,Colorado,Rockies,1994,57
COL,Colorado,Rockies,1995,74
COL,Colorado,Rockies,1996,81
COL,Colorado,Rockies,1997,81
COL,Colorado,Rockies,1998,81
COL,Colorado,Rockies,1999,81
COL,Colorado,Rockies,2000,81
COL,Colorado,Rockies,2001,81
COL,Colorado,Rockies,2002,81
COL,Colorado,Rockies,2003,81
COL,Colorado,Rockies,2004,81
COL,Colorado,Rockies,2005,81
COL,Colorado,Rockies,2006,81
COL,Colorado,Rockies,2007,87
COL,Colorado,Rockies,2008,81
COL,Colorado,Rockies,2009,83
COL,Colorado,Rockies,2010,81
COL,Colorado,Rockies,2011,81
COL,Colorado,Rockies,2012,81
COL,Colorado,Rockies,2013,81
COL,Colorado,Rockies,2014,81
COL,Colorado,Rockies,2015,81
COL,Colorado,Rockies,2016,81
COL,Colorado,Rockies,2017,81
COL,Colorado,Rockies,2018,82
COL,Colorado,Rockies,2019,81
COL,Colorado,Rockies,2020,30
COL,Colorado,Rockies,2021,81
COL,Colorado,Rockies,2022,81
COL,Colorado,Rockies,2023,81
COL,Colorado,Rockies,2024,81
DET,Detroit,Tigers,1990,81
DET,Detroit,Tigers,1991,81
DET,Detroit,Tigers,1992,80
DET,Detroit,Tigers,1993,81
DET,Detroit,Tigers,1994,58
DET,Detroit,Tigers,1995,72
DET,Detroit,Tigers,1996,81
DET,Detroit,Tigers,1997,81
DET,Detroit,Tigers,1998,81
DET,Detroit,Tigers,1999,81
DET,Detroit,Tigers,2000,81
DET,Detroit,Tigers,2001,81
DET,Detroit,Tigers,2002,80
DET,Detroit,Tigers,2003,81
DET,Detroit,Tigers,2004,81
DET,Detroit,Tigers,2005,81
DET,Detroit,Tigers,2006,87
DET,Detroit,Tigers,2007,81
DET,Detroit,Tigers,2008,81
DET,Detroit,Tigers,2009,81
DET,Detroit,Tigers,2010,81
DET,Detroit,Tigers,2011,86
DET,Detroit,Tigers,2012,87
DET,Detroit,Tigers,2013,86
DET,Detroit,Tigers,2014,82
DET,Detroit,Tigers,2015,81
DET,Detroit,Tigers,2016,80
DET,Detroit,Tigers,2017,81
DET,Detroit,Tigers,2018,81
DET,Detroit,Tigers,2019,81
DET,Detroit,Tigers,2020,27
DET,Detroit,Tigers,2021,81
DET,Detroit,Tigers,2022,82
DET,Detroit,Tigers,2023,81
DET,Detroit,Tigers,2024,83
FLO,Florida,Marlins,1993,81
FLO,Florida,Marlins,1994,59
FLO,Florida,Marlins,1995,71
FLO,Florida,Marlins,1996,81
FLO,Florida,Marlins,1997,90
FLO,Florida,Marlins,1998,81
FLO,Florida,Marlins,1999,80
FLO,Florida,Marlins,2000,81
FLO,Florida,Marlins,2001,80
FLO,Florida,Marlins,2002,81
FLO,Florida,Marlins,2003,89
FLO,Florida,Marlins,2004,80
FLO,Florida,Marlins,2005,81
FLO,Florida,Marlins,2006,81
FLO,Florida,Marlins,2007,81
FLO,Florida,Marlins,2008,81
FLO,Florida,Marlins,2009,81
FLO,Florida,Marlins,2010,81
FLO,Florida,Marlins,2011,78
HOU,Houston,Astros,1990,81
HOU,Houston,Astros,1991,81
HOU,Houston,Astros,1992,81
HOU,Houston,Astros,1993,81
HOU,Houston,Astros,1994,59
HOU,Houston,Astros,1995,72
HOU,Houston,Astros,1996,81
HOU,Houston,Astros,1997,82
HOU,Houston,Astros,1998,83
HOU,Houston,Astros,1999,84
HOU,Houston,Astros,2000,81
HOU,Houston,Astros,2001,83
HOU,Houston,Astros,2002,81
HOU,Houston,Astros,2003,81
HOU,Houston,Astros,2004,86
HOU,Houston,Astros,2005,88
HOU,Houston,Astros,2006,81
HOU,Houston,Astros,2007,81
HOU,Houston,Astros,2008,80
HOU,Houston,Astros,2009,81
HOU,Houston,Astros,2010,81
HOU,Houston,Astros,2011,81
HOU,Houston,Astros,2012,81
HOU,Houston,Astros,2013,81
HOU,Houston,Astros,2014,81
HOU,Houston,Astros,2015,83
HOU,Houston,Astros,2016,81
HOU,Houston,Astros,2017,90
HOU,Houston,Astros,2018,86
HOU,Houston,Astros,2019,91
HOU,Houston,Astros,2020,33
HOU,Houston,Astros,2021,89
HOU,Houston,Astros,2022,88
HOU,Houston,Astros,2023,87
HOU,Houston,Astros,2024,83
HOU,Houston,Colts,1990,81
HOU,Houston,Colts,1991,81
HOU,Houston,Colts,1992,81
HOU,Houston,Colts,1993,81
HOU,Houston,Colts,1994,59
HOU,Houston,Colts,1995,72
HOU,Houston,Colts,1996,81
HOU,Houston,Colts,1997,82
HOU,Houston,Colts,1998,83
HOU,Houston,Colts,1999,84
HOU,Houston,Colts,2000,81
HOU,Houston,Colts,2001,83
HOU,Houston,Colts,2002,81
HOU,Houston,Colts,2003,81
HOU,Houston,Colts,2004,86
HOU,Houston,Colts,2005,88
HOU,Houston,Colts,2006,81
HOU,Houston,Colts,2007,81
HOU,Houston,Colts,2008,80
HOU,Houston,Colts,2009,81
HOU,Houston,Colts,2010,81
HOU,Houston,Colts,2011,81
HOU,Houston,Colts,2012,81
HOU,Houston,Colts,2013,81
HOU,Houston,Colts,2014,81
HOU,Houston,Colts,2015,83
HOU,Houston,Colts,2016,81
HOU,Houston,Colts,2017,90
HOU,Houston,Colts,2018,86
HOU,Houston,Colts,2019,91
HOU,Houston,Colts,2020,33
HOU,Houston,Colts,2021,89
HOU,Houston,Colts,2022,88
HOU,Houston,Colts,2023,87
HOU,Houston,Colts,2024,83
KCA,Kansas City,Royals,1990,81
KCA,Kansas City,Royals,1991,81
KCA,Kansas City,Royals,1992,81
KCA,Kansas City,Royals,1993,81
KCA,Kansas City,Royals,1994,59
KCA,Kansas City,Royals,1995,72
KCA,Kansas City,Royals,1996,80
KCA,Kansas City,Royals,1997,80
KCA,Kansas City,Royals,1998,80
KCA,Kansas City,Royals,1999,80
KCA,Kansas City,Royals,2000,81
KCA,Kansas City,Royals,2001,81
KCA,Kansas City,Royals,2002,81
KCA,Kansas City,Royals,2003,80
KCA,Kansas City,Royals,2004,80
KCA,Kansas City,Royals,2005,81
KCA,Kansas City,Royals,2006,81
KCA,Kansas City,Royals,2007,81
KCA,Kansas City,Royals,2008,81
KCA,Kansas City,Royals,2009,81
KCA,Kansas City,Royals,2010,81
KCA,Kansas City,Royals,2011,81
KCA,Kansas City,Royals,2012,81
KCA,Kansas City,Royals,2013,81
KCA,Kansas City,Royals,2014,89
KCA,Kansas City,Royals,2015,89
KCA,Kansas City,Royals,2016,81
KCA,Kansas City,Royals,2017,81
KCA,Kansas City,Royals,2018,81
KCA,Kansas City,Royals,2019,81
KCA,Kansas City,Royals,2020,30
KCA,Kansas City,Royals,2021,81
KCA,Kansas City,Royals,2022,81
KCA,Kansas City,Royals,2023,81
KCA,Kansas City,Royals,2024,83
LAN,Los Angeles,Dodgers,1990,81
LAN,Los Angeles,Dodgers,1991,81
LAN,Los Angeles,Dodgers,1992,81
LAN,Los Angeles,Dodgers,1993,81
LAN,Los Angeles,Dodgers,1994,55
LAN,Los Angeles,Dodgers,1995,74
LAN,Los Angeles,Dodgers,1996,83
LAN,Los Angeles,Dodgers,1997,81
LAN,Los Angeles,Dodgers,1998,81
LAN,Los Angeles,Dodgers,1999,81
LAN,Los Angeles,Dodgers,2000,81
LAN,Los Angeles,Dodgers,2001,81
LAN,Los Angeles,Dodgers,2002,81
LAN,Los Angeles,Dodgers,2003,81
LAN,Los Angeles,Dodgers,2004,83
LAN,Los Angeles,Dodgers,2005,81
LAN,Los Angeles,Dodgers,2006,82
LAN,Los Angeles,Dodgers,2007,81
LAN,Los Angeles,Dodgers,2008,85
LAN,Los Angeles,Dodgers,2009,85
LAN,Los Angeles,Dodgers,2010,81
LAN,Los Angeles,Dodgers,2011,81
LAN,Los Angeles,Dodgers,2012,81
LAN,Los Angeles,Dodgers,2013,86
LAN,Los Angeles,Dodgers,2014,83
LAN,Los Angeles,Dodgers,2015,84
LAN,Los Angeles,Dodgers,2016,86
LAN,Los Angeles,Dodgers,2017,89
LAN,Los Angeles,Dodgers,2018,90
LAN,Los Angeles,Dodgers,2019,84
LAN,Los Angeles,Dodgers,2020,41
LAN,Los Angeles,Dodgers,2021,87
LAN,Los Angeles,Dodgers,2022,83
LAN,Los Angeles,Dodgers,2023,83
LAN,Los Angeles,Dodgers,2024,89
MIA,Miami,Marlins,2012,81
MIA,Miami,Marlins,2013,81
MIA,Miami,Marlins,2014,81
MIA,Miami,Marlins,2015,81
MIA,Miami,Marlins,2016,80
MIA,Miami,Marlins,2017,78
MIA,Miami,Marlins,2018,81
MIA,Miami,Marlins,2019,81
MIA,Miami,Marlins,2020,27
MIA,Miami,Marlins,2021,81
MIA,Miami,Marlins,2022,81
MIA,Miami,Marlins,2023,81
MIA,Miami,Marlins,2024,81
MIL,Milwaukee,Brewers,1990,162
MIL,Milwaukee,Brewers,1991,160
MIL,Milwaukee,Brewers,1992,162
MIL,Milwaukee,Brewers,1993,162
MIL,Milwaukee,Brewers,1994,112
MIL,Milwaukee,Brewers,1995,144
MIL,Milwaukee,Brewers,1996,162
MIL,Milwaukee,Brewers,1997,160
MIL,Milwaukee,Brewers,1998,162
MIL,Milwaukee,Brewers,1999,160
MIL,Milwaukee,Brewers,2000,162
MIL,Milwaukee,Brewers,2001,162
MIL,Milwaukee,Brewers,2002,162
MIL,Milwaukee,Brewers,2003,162
MIL,Milwaukee,Brewers,2004,162
MIL,Milwaukee,Brewers,2005,162
MIL,Milwaukee,Brewers,2006,162
MIL,Milwaukee,Brewers,2007,162
MIL,Milwaukee,Brewers,2008,166
MIL,Milwaukee,Brewers,2009,162
MIL,Milwaukee,Brewers,2010,162
MIL,Milwaukee,Brewers,2011,174
MIL,Milwaukee,Brewers,2012,162
MIL,Milwaukee,Brewers,2013,162
MIL,Milwaukee,Brewers,2014,162
MIL,Milwaukee,Brewers,2015,162
MIL,Milwaukee,Brewers,2016,162
MIL,Milwaukee,Brewers,2017,168
MIL,Milwaukee,Brewers,2018,174
MIL,Milwaukee,Brewers,2019,162
MIL,Milwaukee,Brewers,2020,58
MIL,Milwaukee,Brewers,2021,166
MIL,Milwaukee,Brewers,2022,162
MIL,Milwaukee,Brewers,2023,166
MIL,Milwaukee,Brewers,2024,168
MIN,Minnesota,Twins,1990,81
MIN,Minnesota,Twins,1991,87
MIN,Minnesota,Twins,1992,81
MIN,Minnesota,Twins,1993,81
MIN,Minnesota,Twins,1994,59
MIN,Minnesota,Twins,1995,72
MIN,Minnesota,Twins,1996,82
MIN,Minnesota,Twins,1997,81
MIN,Minnesota,Twins,1998,81
MIN,Minnesota,Twins,1999,81
MIN,Minnesota,Twins,2000,81
MIN,Minnesota,Twins,2001,81
MIN,Minnesota,Twins,2002,85
MIN,Minnesota,Twins,2003,83
MIN,Minnesota,Twins,2004,83
MIN,Minnesota,Twins,2005,81
MIN,Minnesota,Twins,2006,83
MIN,Minnesota,Twins,2007,81
MIN,Minnesota,Twins,2008,81
MIN,Minnesota,Twins,2009,83
MIN,Minnesota,Twins,2010,83
MIN,Minnesota,Twins,2011,81
MIN,Minnesota,Twins,2012,81
MIN,Minnesota,Twins,2013,81
MIN,Minnesota,Twins,2014,81
MIN,Minnesota,Twins,2015,81
MIN,Minnesota,Twins,2016,81
MIN,Minnesota,Twins,2017,81
MIN,Minnesota,Twins,2018,81
MIN,Minnesota,Twins,2019,82
MIN,Minnesota,Twins,2020,33
MIN,Minnesota,Twins,2021,81
MIN,Minnesota,Twins,2022,81
MIN,Minnesota,Twins,2023,85
MIN,Minnesota,Twins,2024,81
MON,Montreal,Expos,1990,81
MON,Montreal,Expos,1991,68
MON,Montreal,Expos,1992,81
MON,Montreal,Expos,1993,81
MON,Montreal,Expos,1994,52
MON,Montreal,Expos,1995,72
MON,Montreal,Expos,1996,81
MON,Montreal,Expos,1997,81
MON,Montreal,Expos,1998,81
MON,Montreal,Expos,1999,81
MON,Montreal,Expos,2000,81
MON,Montreal,Expos,2001,81
MON,Montreal,Expos,2002,81
MON,Montreal,Expos,2003,81
MON,Montreal,Expos,2004,80
NYA,New York,Yankees,1990,81
NYA,New York,Yankees,1991,81
NYA,New York,Yankees,1992,81
NYA,New York,Yankees,1993,81
NYA,New York,Yankees,1994,57
NYA,New York,Yankees,1995,75
NYA,New York,Yankees,1996,87
NYA,New York,Yankees,1997,82
NYA,New York,Yankees,1998,88
NYA,New York,Yankees,1999,87
NYA,New York,Yankees,2000,87
NYA,New York,Yankees,2001,89
NYA,New York,Yankees,2002,82
NYA,New York,Yankees,2003,91
NYA,New York,Yankees,2004,87
NYA,New York,Yankees,2005,83
NYA,New York,Yankees,2006,83
NYA,New York,Yankees,2007,83
NYA,New York,Yankees,2008,81
NYA,New York,Yankees,2009,89
NYA,New York,Yankees,2010,85
NYA,New York,Yankees,2011,84
NYA,New York,Yankees,2012,86
NYA,New York,Yankees,2013,81
NYA,New York,Yankees,2014,81
NYA,New York,Yankees,2015,82
NYA,New York,Yankees,2016,81
NYA,New York,Yankees,2017,87
NYA,New York,Yankees,2018,84
NYA,New York,Yankees,2019,86
NYA,New York,Yankees,2020,33
NYA,New York,Yankees,2021,81
NYA,New York,Yankees,2022,86
NYA,New York,Yankees,2023,81
NYA,New York,Yankees,2024,88
NYN,New York,Mets,1990,81
NYN,New York,Mets,1991,82
NYN,New York,Mets,1992,81
NYN,New York,Mets,1993,81
NYN,New York,Mets,1994,53
NYN,New York,Mets,1995,72
NYN,New York,Mets,1996,81
NYN,New York,Mets,1997,81
NYN,New York,Mets,1998,81
NYN,New York,Mets,1999,86
NYN,New York,Mets,2000,89
NYN,New York,Mets,2001,81
NYN,New York,Mets,2002,81
NYN,New York,Mets,2003,80
NYN,New York,Mets,2004,81
NYN,New York,Mets,2005,81
NYN,New York,Mets,2006,87
NYN,New York,Mets,2007,81
NYN,New York,Mets,2008,81
NYN,New York,Mets,2009,81
NYN,New York,Mets,2010,81
NYN,New York,Mets,2011,81
NYN,New York,Mets,2012,81
NYN,New York,Mets,2013,81
NYN,New York,Mets,2014,81
NYN,New York,Mets,2015,88
NYN,New York,Mets,2016,82
NYN,New York,Mets,2017,81
NYN,New York,Mets,2018,81
NYN,New York,Mets,2019,81
NYN,New York,Mets,2020,29
NYN,New York,Mets,2021,81
NYN,New York,Mets,2022,84
NYN,New York,Mets,2023,81
NYN,New York,Mets,2024,86
OAK,Oakland,Athletics,1990,85
OAK,Oakland,Athletics,1991,81
OAK,Oakland,Athletics,1992,84
OAK,Oakland,Athletics,1993,81
OAK,Oakland,Athletics,1994,56
OAK,Oakland,Athletics,1995,72
OAK,Oakland,Athletics,1996,81
OAK,Oakland,Athletics,1997,81
OAK,Oakland,Athletics,1998,81
OAK,Oakland,Athletics,1999,81
OAK,Oakland,Athletics,2000,84
OAK,Oakland,Athletics,2001,83
OAK,Oakland,Athletics,2002,84
OAK,Oakland,Athletics,2003,84
OAK,Oakland,Athletics,2004,81
OAK,Oakland,Athletics,2005,81
OAK,Oakland,Athletics,2006,84
OAK,Oakland,Athletics,2007,81
OAK,Oakland,Athletics,2008,81
OAK,Oakland,Athletics,2009,81
OAK,Oakland,Athletics,2010,81
OAK,Oakland,Athletics,2011,81
OAK,Oakland,Athletics,2012,84
OAK,Oakland,Athletics,2013,84
OAK,Oakland,Athletics,2014,81
OAK,Oakland,Athletics,2015,81
OAK,Oakland,Athletics,2016,81
OAK,Oakland,Athletics,2017,81
OAK,Oakland,Athletics,2018,81
OAK,Oakland,Athletics,2019,82
OAK,Oakland,Athletics,2020,37
OAK,Oakland,Athletics,2021,81
OAK,Oakland,Athletics,2022,80
OAK,Oakland,Athletics,2023,81
OAK,Oakland,Athletics,2024,81
PHI,Philadelphia,Phillies,1990,81
PHI,Philadelphia,Phillies,1991,83
PHI,Philadelphia,Phillies,1992,81
PHI,Philadelphia,Phillies,1993,87
PHI,Philadelphia,Phillies,1994,60
PHI,Philadelphia,Phillies,1995,72
PHI,Philadelphia,Phillies,1996,81
PHI,Philadelphia,Phillies,1997,81
PHI,Philadelphia,Phillies,1998,81
PHI,Philadelphia,Phillies,1999,81
PHI,Philadelphia,Phillies,2000,81
PHI,Philadelphia,Phillies,2001,81
PHI,Philadelphia,Phillies,2002,80
PHI,Philadelphia,Phillies,2003,81
PHI,Philadelphia,Phillies,2004,81
PHI,Philadelphia,Phillies,2005,81
PHI,Philadelphia,Phillies,2006,81
PHI,Philadelphia,Phillies,2007,83
PHI,Philadelphia,Phillies,2008,88
PHI,Philadelphia,Phillies,2009,89
PHI,Philadelphia,Phillies,2010,89
PHI,Philadelphia,Phillies,2011,84
PHI,Philadelphia,Phillies,2012,81
PHI,Philadelphia,Phillies,2013,81
PHI,Philadelphia,Phillies,2014,81
PHI,Philadelphia,Phillies,2015,81
PHI,Philadelphia,Phillies,2016,81
PHI,Philadelphia,Phillies,2017,81
PHI,Philadelphia,Phillies,2018,81
PHI,Philadelphia,Phillies,2019,81
PHI,Philadelphia,Phillies,2020,32
PHI,Philadelphia,Phillies,2021,81
PHI,Philadelphia,Phillies,2022,89
PHI,Philadelphia,Phillies,2023,89
PHI,Philadelphia,Phillies,2024,83
PIT,Pittsburgh,Pirates,1990,84
PIT,Pittsburgh,Pirates,1991,88
PIT,Pittsburgh,Pirates,1992,84
PIT,Pittsburgh,Pirates,1993,81
PIT,Pittsburgh,Pirates,1994,61
PIT,Pittsburgh,Pirates,1995,72
PIT,Pittsburgh,Pirates,1996,80
PIT,Pittsburgh,Pirates,1997,81
PIT,Pittsburgh,Pirates,1998,81
PIT,Pittsburgh,Pirates,1999,81
PIT,Pittsburgh,Pirates,2000,81
PIT,Pittsburgh,Pirates,2001,81
PIT,Pittsburgh,Pirates,2002,80
PIT,Pittsburgh,Pirates,2003,81
PIT,Pittsburgh,Pirates,2004,80
PIT,Pittsburgh,Pirates,2005,81
PIT,Pittsburgh,Pirates,2006,81
PIT,Pittsburgh,Pirates,2007,81
PIT,Pittsburgh,Pirates,2008,81
PIT,Pittsburgh,Pirates,2009,81
PIT,Pittsburgh,Pirates,2010,81
PIT,Pittsburgh,Pirates,2011,81
PIT,Pittsburgh,Pirates,2012,81
PIT,Pittsburgh,Pirates,2013,84
PIT,Pittsburgh,Pirates,2014,82
PIT,Pittsburgh,Pirates,2015,82
PIT,Pittsburgh,Pirates,2016,81
PIT,Pittsburgh,Pirates,2017,81
PIT,Pittsburgh,Pirates,2018,80
PIT,Pittsburgh,Pirates,2019,81
PIT,Pittsburgh,Pirates,2020,32
PIT,Pittsburgh,Pirates,2021,81
PIT,Pittsburgh,Pirates,2022,81
PIT,Pittsburgh,Pirates,2023,81
PIT,Pittsburgh,Pirates,2024,81
SDN,San Diego,Padres,1990,81
SDN,San Diego,Padres,1991,81
SDN,San Diego,Padres,1992,81
SDN,San Diego,Padres,1993,81
SDN,San Diego,Padres,1994,57
SDN,San Diego,Padres,1995,72
SDN,San Diego,Padres,1996,82
SDN,San Diego,Padres,1997,81
SDN,San Diego,Padres,1998,88
SDN,San Diego,Padres,1999,81
SDN,San Diego,Padres,2000,81
SDN,San Diego,Padres,2001,81
SDN,San Diego,Padres,2002,81
SDN,San Diego,Padres,2003,81
SDN,San Diego,Padres,2004,81
SDN,San Diego,Padres,2005,82
SDN,San Diego,Padres,2006,83
SDN,San Diego,Padres,2007,81
SDN,San Diego,Padres,2008,81
SDN,San Diego,Padres,2009,81
SDN,San Diego,Padres,2010,81
SDN,San Diego,Padres,2011,81
SDN,San Diego,Padres,2012,81
SDN,San Diego,Padres,2013,81
SDN,San Diego,Padres,2014,81
SDN,San Diego,Padres,2015,81
SDN,San Diego,Padres,2016,81
SDN,San Diego,Padres,2017,81
SDN,San Diego,Padres,2018,81
SDN,San Diego,Padres,2019,81
SDN,San Diego,Padres,2020,36
SDN,San Diego,Padres,2021,81
SDN,San Diego,Padres,2022,85
SDN,San Diego,Padres,2023,81
SDN,San Diego,Padres,2024,85
SEA,Seattle,Mariners,1990,81
SEA,Seattle,Mariners,1991,81
SEA,Seattle,Mariners,1992,81
SEA,Seattle,Mariners,1993,81
SEA,Seattle,Mariners,1994,44
SEA,Seattle,Mariners,1995,79
SEA,Seattle,Mariners,1996,81
SEA,Seattle,Mariners,1997,83
SEA,Seattle,Mariners,1998,81
SEA,Seattle,Mariners,1999,81
SEA,Seattle,Mariners,2000,85
SEA,Seattle,Mariners,2001,86
SEA,Seattle,Mariners,2002,81
SEA,Seattle,Mariners,2003,81
SEA,Seattle,Mariners,2004,82
SEA,Seattle,Mariners,2005,81
SEA,Seattle,Mariners,2006,81
SEA,Seattle,Mariners,2007,82
SEA,Seattle,Mariners,2008,81
SEA,Seattle,Mariners,2009,81
SEA,Seattle,Mariners,2010,81
SEA,Seattle,Mariners,2011,84
SEA,Seattle,Mariners,2012,81
SEA,Seattle,Mariners,2013,81
SEA,Seattle,Mariners,2014,81
SEA,Seattle,Mariners,2015,81
SEA,Seattle,Mariners,2016,81
SEA,Seattle,Mariners,2017,81
SEA,Seattle,Mariners,2018,81
SEA,Seattle,Mariners,2019,81
SEA,Seattle,Mariners,2020,24
SEA,Seattle,Mariners,2021,81
SEA,Seattle,Mariners,2022,82
SEA,Seattle,Mariners,2023,81
SEA,Seattle,Mariners,2024,81
SFN,San Francisco,Giants,1990,81
SFN,San Francisco,Giants,1991,81
SFN,San Francisco,Giants,1992,81
SFN,San Francisco,Giants,1993,81
SFN,San Francisco,Giants,1994,60
SFN,San Francisco,Giants,1995,72
SFN,San Francisco,Giants,1996,82
SFN,San Francisco,Giants,1997,82
SFN,San Francisco,Giants,1998,81
SFN,San Francisco,Giants,1999,81
SFN,San Francisco,Giants,2000,83
SFN,San Francisco,Giants,2001,81
SFN,San Francisco,Giants,2002,89
SFN,San Francisco,Giants,2003,83
SFN,San Francisco,Giants,2004,82
SFN,San Francisco,Giants,2005,81
SFN,San Francisco,Giants,2006,81
SFN,San Francisco,Giants,2007,81
SFN,San Francisco,Giants,2008,81
SFN,San Francisco,Giants,2009,81
SFN,San Francisco,Giants,2010,88
SFN,San Francisco,Giants,2011,81
SFN,San Francisco,Giants,2012,89
SFN,San Francisco,Giants,2013,82
SFN,San Francisco,Giants,2014,89
SFN,San Francisco,Giants,2015,81
SFN,San Francisco,Giants,2016,83
SFN,San Francisco,Giants,2017,81
SFN,San Francisco,Giants,2018,81
SFN,San Francisco,Giants,2019,81
SFN,San Francisco,Giants,2020,33
SFN,San Francisco,Giants,2021,84
SFN,San Francisco,Giants,2022,81
SFN,San Francisco,Giants,2023,81
SFN,San Francisco,Giants,2024,81
SLN,St. Louis,Cardinals,1990,81
SLN,St. Louis,Cardinals,1991,84
SLN,St. Louis,Cardinals,1992,81
SLN,St. Louis,Cardinals,1993,81
SLN,St. Louis,Cardinals,1994,56
SLN,St. Louis,Cardinals,1995,72
SLN,St. Louis,Cardinals,1996,86
SLN,St. Louis,Cardinals,1997,81
SLN,St. Louis,Cardinals,1998,82
SLN,St. Louis,Cardinals,1999,80
SLN,St. Louis,Cardinals,2000,85
SLN,St. Louis,Cardinals,2001,84
SLN,St. Louis,Cardinals,2002,84
SLN,St. Louis,Cardinals,2003,81
SLN,St. Louis,Cardinals,2004,89
SLN,St. Louis,Cardinals,2005,86
SLN,St. Louis,Cardinals,2006,88
SLN,St. Louis,Cardinals,2007,81
SLN,St. Louis,Cardinals,2008,81
SLN,St. Louis,Cardinals,2009,82
SLN,St. Louis,Cardinals,2010,81
SLN,St. Louis,Cardinals,2011,90
SLN,St. Louis,Cardinals,2012,86
SLN,St. Louis,Cardinals,2013,90
SLN,St. Louis,Cardinals,2014,85
SLN,St. Louis,Cardinals,2015,83
SLN,St. Louis,Cardinals,2016,81
SLN,St. Louis,Cardinals,2017,81
SLN,St. Louis,Cardinals,2018,81
SLN,St. Louis,Cardinals,2019,85
SLN,St. Louis,Cardinals,2020,27
SLN,St. Louis,Cardinals,2021,81
SLN,St. Louis,Cardinals,2022,83
SLN,St. Louis,Cardinals,2023,81
SLN,St. Louis,Cardinals,2024,81
TBA,Tampa Bay,Devil Rays,1998,81
TBA,Tampa Bay,Devil Rays,1999,81
TBA,Tampa Bay,Devil Rays,2000,80
TBA,Tampa Bay,Devil Rays,2001,81
TBA,Tampa Bay,Devil Rays,2002,81
TBA,Tampa Bay,Devil Rays,2003,81
TBA,Tampa Bay,Devil Rays,2004,80
TBA,Tampa Bay,Devil Rays,2005,81
TBA,Tampa Bay,Devil Rays,2006,81
TBA,Tampa Bay,Devil Rays,2007,81
TBA,Tampa Bay,Devil Rays,2008,89
TBA,Tampa Bay,Devil Rays,2009,81
TBA,Tampa Bay,Devil Rays,2010,84
TBA,Tampa Bay,Devil Rays,2011,83
TBA,Tampa Bay,Devil Rays,2012,81
TBA,Tampa Bay,Devil Rays,2013,83
TBA,Tampa Bay,Devil Rays,2014,81
TBA,Tampa Bay,Devil Rays,2015,84
TBA,Tampa Bay,Devil Rays,2016,81
TBA,Tampa Bay,Devil Rays,2017,81
TBA,Tampa Bay,Devil Rays,2018,81
TBA,Tampa Bay,Devil Rays,2019,83
TBA,Tampa Bay,Devil Rays,2020,41
TBA,Tampa Bay,Devil Rays,2021,83
TBA,Tampa Bay,Devil Rays,2022,81
TBA,Tampa Bay,Devil Rays,2023,83
TBA,Tampa Bay,Devil Rays,2024,81
TEX,Texas,Rangers,1990,82
TEX,Texas,Rangers,1991,81
TEX,Texas,Rangers,1992,81
TEX,Texas,Rangers,1993,81
TEX,Texas,Rangers,1994,63
TEX,Texas,Rangers,1995,72
TEX,Texas,Rangers,1996,83
TEX,Texas,Rangers,1997,81
TEX,Texas,Rangers,1998,82
TEX,Texas,Rangers,1999,82
TEX,Texas,Rangers,2000,81
TEX,Texas,Rangers,2001,82
TEX,Texas,Rangers,2002,81
TEX,Texas,Rangers,2003,81
TEX,Texas,Rangers,2004,81
TEX,Texas,Rangers,2005,81
TEX,Texas,Rangers,2006,81
TEX,Texas,Rangers,2007,81
TEX,Texas,Rangers,2008,81
TEX,Texas,Rangers,2009,81
TEX,Texas,Rangers,2010,89
TEX,Texas,Rangers,2011,89
TEX,Texas,Rangers,2012,82
TEX,Texas,Rangers,2013,82
TEX,Texas,Rangers,2014,81
TEX,Texas,Rangers,2015,83
TEX,Texas,Rangers,2016,83
TEX,Texas,Rangers,2017,81
TEX,Texas,Rangers,2018,81
TEX,Texas,Rangers,2019,81
TEX,Texas,Rangers,2020,30
TEX,Texas,Rangers,2021,81
TEX,Texas,Rangers,2022,81
TEX,Texas,Rangers,2023,87
TEX,Texas,Rangers,2024,81
TOR,Toronto,Blue Jays,1990,81
TOR,Toronto,Blue Jays,1991,84
TOR,Toronto,Blue Jays,1992,87
TOR,Toronto,Blue Jays,1993,87
TOR,Toronto,Blue Jays,1994,59
TOR,Toronto,Blue Jays,1995,72
TOR,Toronto,Blue Jays,1996,81
TOR,Toronto,Blue Jays,1997,81
TOR,Toronto,Blue Jays,1998,81
TOR,Toronto,Blue Jays,1999,81
TOR,Toronto,Blue Jays,2000,81
TOR,Toronto,Blue Jays,2001,82
TOR,Toronto,Blue Jays,2002,81
TOR,Toronto,Blue Jays,2003,81
TOR,Toronto,Blue Jays,2004,81
TOR,Toronto,Blue Jays,2005,81
TOR,Toronto,Blue Jays,2006,81
TOR,Toronto,Blue Jays,2007,81
TOR,Toronto,Blue Jays,2008,81
TOR,Toronto,Blue Jays,2009,81
TOR,Toronto,Blue Jays,2010,78
TOR,Toronto,Blue Jays,2011,81
TOR,Toronto,Blue Jays,2012,81
TOR,Toronto,Blue Jays,2013,81
TOR,Toronto,Blue Jays,2014,81
TOR,Toronto,Blue Jays,2015,87
TOR,Toronto,Blue Jays,2016,86
TOR,Toronto,Blue Jays,2017,81
TOR,Toronto,Blue Jays,2018,81
TOR,Toronto,Blue Jays,2019,81
TOR,Toronto,Blue Jays,2020,26
TOR,Toronto,Blue Jays,2021,80
TOR,Toronto,Blue Jays,2022,83
TOR,Toronto,Blue Jays,2023,81
TOR,Toronto,Blue Jays,2024,81
WAS,Washington,Nationals,2005,81
WAS,Washington,Nationals,2006,81
WAS,Washington,Nationals,2007,81
WAS,Washington,Nationals,2008,80
WAS,Washington,Nationals,2009,81
WAS,Washington,Nationals,2010,81
WAS,Washington,Nationals,2011,80
WAS,Washington,Nationals,2012,84
WAS,Washington,Nationals,2013,81
WAS,Washington,Nationals,2014,83
WAS,Washington,Nationals,2015,81
WAS,Washington,Nationals,2016,84
WAS,Washington,Nationals,2017,84
WAS,Washington,Nationals,2018,81
WAS,Washington,Nationals,2019,89
WAS,Washington,Nationals,2020,33
WAS,Washington,Nationals,2021,81
WAS,Washington,Nationals,2022,81
WAS,Washington,Nationals,2023,81
WAS,Washington,Nationals,2024,81
